1. Реализовать практические задания на примере других таблиц и запросов.

user 1
LOCK TABLE salaries READ;
select * from salaries limit 10;


UNLOCK TABLES;

user2 
insert into salaries VALUE (10001, 999999, '1997-08-03',	'1998-08-03'); 
-- подвисает пока user1 не снимет блок 



2. Подумать, какие операции являются транзакционными, и написать несколько примеров с транзакционными запросами.
Транзакция выбирает сотрудника кто зарабатывает больше опр суммы, и меняет его за на другую.
BEGIN;
SET @emp = (SELECT emp_no FROM `salaries` WHERE `salary` > 800000);
SET @sal = 1000000;
UPDATE `salaries` SET `salary`=@sal WHERE `emp_no` = @emp;
COMMIT;



3. Проанализировать несколько запросов с помощью EXPLAIN.

mysql> mysql> EXPLAIN SELECT COUNT(`dept_no`) FROM `dept_emp`;
+----+-------------+-------+------------+-------+---------------+------+---------+------+------+----------+-------------+
| id | select_type | table | partitions | type  | possible_keys | key  | key_len | ref  | rows | filtered | Extra       |
+----+-------------+-------+------------+-------+---------------+------+---------+------+------+----------+-------------+
|  1 | SIMPLE      | dept_emp | NULL    | index | NULL          |emp_no| 4       | NULL |331570|   100.00 | Using index |
+----+-------------+-------+------------+-------+---------------+------+---------+------+------+----------+-------------+
1 row in set, 1 warning (0,00 sec)


mysql> EXPLAIN SELECT `first_name`, `last_name`, `salary` FROM `employees` as e, salaries as s WHERE  e.emp_no=s.emp_no ORDER BY `salary` DESC LIMIT 10;
+----+-------------+-------+------------+--------+----------------+---------+---------+--------------------+----------+----------+----------------+
| id | select_type | table | partitions | type   | possible_keys  | key     | key_len | ref                |   rows   | filtered | Extra          |
+----+-------------+-------+------------+--------+----------------+---------+---------+--------------------+----------+----------+----------------+
|  1 | SIMPLE      | s     | NULL       | ALL    | PRIMARY,emp_no | NULL    | NULL    | NULL               | 2579709  |   100.00 | Using filesort |
|  1 | SIMPLE      | e     | NULL       | eq_ref | PRIMARY        | PRIMARY | 4       | employees.s.emp_no |    1     |   100.00 | NULL           |
+----+-------------+-------+------------+--------+----------------+---------+---------+--------------------+----------+----------+----------------+
2 rows in set, 1 warning (0,00 sec)
